,0
21st century management services,21C
360 one wam limited,IIFLW54277
63 moons technologies limited,FT02
a2z infra engineering,AME02
aaa technologies,ATL
aadhar housing finance,AHFL
aarey drugs & pharmaceuticals,ADP
aaron industries,AI79
aartech solonics,AS27
aarti industries,AI45
aarvee denims & exports,ADE
abbott india,AI51
aditya birla capital,ABC9
allied blenders and distillers,ABD
aditya birla fashion and retail,PFR
abm international,ABM02
andhra cements,AC16
adani green energy,ADANI54145
adani power,AP11
adf foods,AF30
advani hotels & resorts (india),AHR
advanced enzyme technologies,AET
aeroflex industries,AI87
affle (india),AI82
akme fintrade (india),AFIL
agi greenpac,HSI02
agi infra,AI43?tab=B
ags transact technologies,ATT
ahlada engineers,AE21
ahluwalia contracts (india),ACI12
authum investment & infrastructure,AII01
airo lam limited,AL08
ajmera realty & infra india,ARI03
ajooni biotech,ABL01
akash infra-projects,AI76
akg exim,AE20
aki india,AI80
akshar spintex,ASL
aksharchem india,AI29
aksh optifibre,AO03
albert david,AD01
alkali metals,AM11
alphageo (india),AI10
alps industries,AI12
amber enterprises india,AEI01
ambika cotton mills,ACM04
ami organics,AO05
amj land holdings,PPP
amines & plasticizers,AP07
amrutanjan health care,AHC01
andhra paper limited,APP
the andhra sugars,AS18
ankit metal & power,AMa
anmol india,AI81
antarctica,A16
apex frozen foods,AFF
apollo hospitals enterprise,AHE
apollo sindoori hotels,ASH
aptech,A11
archidply industries,AI
archies,A15
rajdarshan industries,RI01
arman financial services,AFS04
aro granite industries,AGI01
arshiya,AI60
art nirman,AN
arvee laboratories (india),AL18
arvind,A18
arvind fashions,ARVIN54248
asahi songwon colors,ASC01
automotive stampings and assemblies,ASA01
associated alcohols & breweries ltd.,AAB
ashapura minechem,AM07
ashima,A10
ashoka metcast,AML04
asian energy services,AOS
asian paints,AP31
bartronics india,BI21?tab=B
aster dm healthcare,ADH
astral,APT02
astrazeneca pharma india,AZP
astron paper & board mill,APB
atal realtech,ARL
atam valves,AV02
allcargo terminals,AT29
atlantaa limited,A9
atul auto,AA08
au small finance bank,ASF02
aurobindo pharma,AP
automotive axles,AA06
avadh sugar & energy,ASE03
avalon technologies,AT27
avantel,A19
avro india limited,AM09
avt natural products,AVT02
adani wilmar,AW
axita cotton,AC29
azad engineering,AEL02
bafna pharmaceuticals,BP01
b.a.g films and media,BAG
baid finserv,BLF
bajaj auto,BA10
bajaj finserv,BF04
bajaj healthcare,BHL
bajel projects,BP06
balaxi pharmaceuticals limited,TAR
balkrishna paper mills,NPM01
balmer lawrie & company,BLC
bal pharma,BP02
balrampur chini mills,BCM
banaras beads,BB03
bannari amman sugars,BS07
banco products (i),BPI
bandhan bank,BB09
bank of india,BOI
bharat bijlee,BB
b&b triplewall containers,BTC
bharat dynamics,BDL01
bedmutha industries,BI05
berger paints (i),BPI02
bf investment,BFI
bhagiradha chemicals & industries,BCI01
bhandari hosiery exports,BHE02
bharat forge,BF03
bharat gears,BG01
bharat rasayan,BR01
bharat wire ropes,BWR01
bharti hexacom,BHL02
biocon,BL03
biofil chemicals & pharmaceuticals,BCP
birla corporation,BC07
aditya birla money,ABM01
beml land assets,BLA
blb,BLB
b. l. kashyap and sons,BLK
bls e-services,BEL
blue chip india,BCI02
blue dart express,BDE
blue jet healthcare,BJH
bombay dyeing & mfg company,BDM
borosil,BL04
borosil renewables limited,BGW
borosil scientific,BS06
bosch,B05
bpl,BPL
brigade enterprises,BE08
britannia industries,BI
brooks laboratories,BL
bse,B08
bombay super hybrid seeds,BSH
bsl,BSL
birlasoft limited,KPI02
butterfly gandhimathi appliances,GA
barak valley cements,BVC
the byke hospitality ltd,SH12
california software company,CS15
camlin fine sciences,CFC03
canara bank,CB06
can fin homes,CFH
cantabil retail india,CRI01
capacit'e infraprojects,CI19
capital small finance bank,CSF01
capital trust,CT
career point,CPI05
care ratings,CAR
cartrade tech,CT12
carysil limited,AI04
castrol india,CI01
ccl products (india),CC10
central depository services (india),CDS
ceat,C07
celebrity fashions,CFL04
century enka,CE
century extrusions,CE02
centrum capital,CF09
century plyboards (india),CP9
century textiles & industries,CTI
cesc,CES
chalet hotels,CH03
chambal fertilizers & chemicals,CFC
chembond chemicals ltd,CC03
chemcon speciality chemicals,CSC
cheviot company,CC04
cigniti technologies,CI42
cineline india,CI38
cinevista,C97
cipla,C
clean science and technology,CST
chaman lal setia exports,CLS
cms info systems,CIS03
coastal corporation,CC02
coforge,NII02
compucom software,CS14
commercial syn bags,CSB01
confidence petroleum india,CP10
consolidated finvest & holdings,CFH01
coral india finance & housing,CIF02
cords cable industries,CCI07
coromandel international,CI45
cosmo first limited,CF08
country condo's,CC28
creative newtech,CPD
creative eye,CE08
creditaccess grameen limited,CG03
crest ventures,SR
crisil,CRI
crompton greaves consumer electricals,CGC01
crown lifters,CL08
csb bank,CB05
csl finance,CSL01
cambridge technology enterprises,CTE
city union bank,CUB
cubex tubings,CT05
cummins india,CI02
cupid,CR02
cyient,IE07
cyient dlm,CD02
dabur india,DI
dalmia bharat sugar and industries,DCB
damodar industries,DT
dangee dums,DD
data patterns (india),DPI01
davangere sugar company,DSC01
d.b.corp,C13
valor estate,DR
dcb bank,DCB01
dc infotech and communication,DCI16041
dcm ,DCM
dcm financial services,DCM01
dcm nouvelle,DCMNV54272
dcw,DCW
dcx systems,DS11
deccan cements,DC
dee development engineers,DDEL
deepak fertilizers and petrochemicals corporation,DFP
deepak nitrite,DN
deep industries,DI02
delphi world money limited,WF02
delta corp,DC11
delta manufacturing,DM04
de nora india,DNI
dhampur sugar mills,DSM
dhanlaxmi bank,DB01
dharmaj crop guard,DCG
dhruv consultancy services,DCS01
diamines & chemicals,DC04
dic india,DIC02
digjam,D05
debock industries,DSM03
dish tv india,DTV
divgi torqtransfer systems,DTS
divi's laboratories,DL03
dixon technologies (india),DT07
dj mediaprint & logistics,DML03
d-link (india),DLI01
dmcc speciality chemicals limited,DMC01
diligent media corporation,DMC05
dodla dairy,DD01
dollar industries,DI29
dolphin offshore enterprises (india),DOE
donear industries,DI25
dpsc,DPS
d p wires,W01
dreamfolks services,DS09
dredging corporation of india,DCI
dr. reddy's laboratories,DRL?tab=F&expiryDate=
dynacons systems & solutions,DSS01
dhunseri tea & industries,DTI03
ducon infratechnologies,DT9
dwarikesh sugar industries,DSI01
dynamic cables,DC13
dynemic products,DP12
e2e networks,EN
eid parry india,EID
euro india fresh foods,EIF
eih associated hotels,EIH01
eih,EIH
eimco elecon (india),EEI
everest kanto cylinder,EKC
emami,E06
emami paper mills,EPM01
emcure pharmaceuticals,EPL
electronics mart india,EMI
emkay global financial services,EGF
emmbi industries,EP09
ems,E15
emudhra,e13
endurance technologies,ET01
energy development company,EDC
engineers india,EI14
entertainment network (india),ENI
epack durable,EDL
epigral,MF23
epl,EP11
equippp social impact technologies,NT02
equitas small finance bank,ESF
esab india,EI06
esaf small finance bank,ESF02
ester industries,EI20
ethos,E12
eurotex industries and exports,EIE
everest industries,EI19
excel industries,EI10
fertilizers and chemicals travancore,FCT
fairchem organics,FO01
fdc,FDC
the federal bank ,FB
fedbank financial services,FFSL
future enterprises,PR03
fiberweb (india),PVD
fiem industries,FIE
filatex india,FI06
fine organic industries,FOI
fino payments bank,FPB
five-star business finance,FBF
gujarat fluorochemicals,GUJAR54281
federal-mogul goetze (india).,FMG
focus lighting and fixtures,FLF03
foods & inns,FI10
force motors ltd,FM01
fortis healthcare,FH
foseco india,FI12
fusion micro finance,FMF
gacm tech ltd dvr-re,SCD01
gail (india),GAI
galaxy surfactants,GSL06
gandhar oil refinery (india),GOR
gandhi special tubes,GST
ganesha ecosphere,GP01
ganesh benzoplast,GB01
ganga forging,GF
ganges securities,GS16
gacm technologies ltd-re,GTR03
geecee ventures,GCI05
geekay wires,GW01
generic engineering construction and projects,WPF
genesys international corporation,GIC10
genus power infrastructures,GPI08
geojit financial services,GBN01
ge power india,AP29
the great eastern shipping company,GES
ge t&d india,ATD
gfl,GF07
ghcl,GHC
ghcl textiles,GT11
gillanders arbuthnot & company,GAC03
gillette india,GI22
ginni filaments,GF01
gujarat industries power company,GIP
gkw,GKW
glaxosmithkline pharmaceuticals,GSK
glenmark pharmaceuticals,GP08
gujarat lease financing,GLF01
global education,GE02
global vectra helicorp,GVH
globe textiles (india),GTI
globus spirits,GS
glenmark life sciences,GLS01
gm breweries,GMB
gmm pfaudler,GMM01
gmr power and urban infra,GPU
gujarat narmada valley fertilizers and chemicals,GNV
go fashion (india),GFI04
godha cabcon & insulation,GCI06
go digit general insurance,GDGIL
godrej agrovet,GA03
goldiam international,GI10
aion-tech solutions limited,GT04
goodluck india,GLS
gopal snacks,GSL10
goyal aluminiums,ATI
godawari power and ispat limited,GPI7
gpt healthcare,GHL02
graphite india,GI13
greenlam industries,GI31
greenpanel industries,GREEN54285
greenply industries,GI19
grindwell norton,GN
the grob tea company,TGT
grp,GRR
garden reach shipbuilders & engineers,GRS01
garware hi-tech films,GP
gujarat state fertilizers & chemicals,GSF
gss infotech,GAI05
g-tec jainx education limited,KKS
gtl,GTL01
gujarat gas,GGC
gujarat raffia industries,GRI
gp petroleums,SP36
happy forgings,HFL02
hariom pipe industries,HPI02
harrisons  malayalam,HM02
hathway cable & datacom,HCD
hatsun agro product,HAP
hindustan construction company,HCC
heads up ventures,TMR
hec infra projects,HIP
heidelbergcement india,HCI02
hemisphere properties india,HPI01
heranba industries,HI14
hercules hoists,HH01
hester biosciences,HB01
heubach colorants india,CCI08
hexa tradex,HT03
h.g. infra engineering,HIE
hinduja global solutions,HGS01
hikal,H05
hil,HI09
hilton metal forging,HMF
hindalco industries,HI
hindcon chemicals,HCL01
hindustan motors,HM
hindustan oil exploration company,HOE01
hindustan petroleum corporation,HPC?tab=O&expiryDate=2024-08-29&opType=CE&stkPrice=undefined
hind rectifiers,HR01
hisar metal industries,HM05
hi-tech pipes,HPL01
the hi-tech gears,HTG
hlv limited,HLV
hmt,HMT
hindustan media ventures,HMV
hindustan foods,HFL
home first finance company india,HFF
honeywell automation india,HA04
honda india power products,HSP02
hov services,HOV
hp adhesives,HA06
hindprakash industries,HI06
ht media,HT
hubtown,AC24
hybrid financial services,MFC
icds,ICD
ice make refrigeration,IMR
icici lombard general insurance company,ILG
icici prudential life insurance company,IPL01
icra,ICR
ideaforge technology,IT07
idfc,IDF01
indiabulls enterprises,IE10
ifb agro industries,IFB
igarashi motors india,IM01
indraprastha gas,IG04?tab=O&expiryDate=2024-08-29&opType=CE&stkPrice=undefined
ig petrochemicals,IGP
iifl securities,IIFLS54277
ikio lighting,IL01
il&fs engineering and construction company,MI50
il&fs transportation networks,ITN
imagicaaworld entertainment,AE01
indian metals & ferro alloys,IMF01
incredible industries limited,AI67
indbank merchant banking services,IMB
indegene,IL05
the indian hotels company,IHC
the india cements,IC
india glycols,IG
indiamart intermesh,II12
indian bank,IB04
indian card clothing company,ICC01
indian hume pipe company,IHP
india shelter finance corporation,ISFCL
indigo paints,IP08
india nippon electricals,INE
indo borax & chemicals,IBC
indo rama synthetics (india),IRS
indostar capital finance,ICF
indo tech transformers,ITT02
indowind energy,IE08
indraprastha medical corporation,IMC03
ind-swift,IS02
indian terrain fashions,ITF
infibeam avenues,IIL03
infobeans technologies,IT05
ingersoll rand (india),IRI01
inox green energy services,IGE01
inox india,IIL04
insecticides (india),II16
inspirisys solutions,AF29
intense technologies,FI17
international conveyors,IC05
inventure growth & securities-re,IGS
inventure growth & securities,IGS
ipca laboratories,IL
india pesticides,IP10
indian railway catering and tourism corporation,IRC
indian railway finance corporation,IRF
iris business services,IBS01
iris clothings,IC01
irm energy,IEL02
intrasoft technologies,IT04
ismt,ISM01
itd cementation india,ITD03
iti,ITI
il&fs investment managers,ILF02
ivp,IVP
inox wind energy,IWE
le travenues technology,LTT
izmo,LM02
the jammu & kashmir bank,JKB
jagran prakashan,JP12
jagsonpal pharmaceuticals,JP02
jash engineering,JE04
jayant agro organics,JAO
jay bharat maruti,JBM
jayshree tea & industries,JTI
jb chemicals & pharmaceuticals,JBC01
jbm auto,JBM03
johnson controls - hitachi air conditioning india,HHL
jet airways (india),JA01
jet freight logistics,JFL04
j.g.chemicals,CL11
jindal photo,JP11
jindal steel & power,JSP
jindal drilling and industries,JDI
jio financial services,JFS
jain irrigation systems,JIS02
jitf infralogistics,JIT01
jk cement,JKC03
j.kumar infraprojects,KI01
jk lakshmi cement,JKL01
jk paper,JKP01
jk tyre & industries,JKT01
jupiter life line hospitals,JLLHL
jullundur motor agency (delhi),JMA
jm financial,JMF
jnk india,JIL04
jocil,J01
jaiprakash associates,JA02
jindal poly investment and finance company,JPI02
jaiprakash power ventures,JHP01
jana small finance bank,JSFBL
jindal stainless,JSL01
jtekt india,SKS04
jtl industries limited,JTL01
jubilant industries,JI10
jubilant ingrevia,JI14
just dial,JD
jupiter wagons,CEB
jyoti cnc automation,JCA
jyoti structures,JS03
kajaria ceramics,KC06
kakatiya cement sugar & industries,KC01
sai silks (kalamandir),SSK01
kalyani commercials,KC18
kalyani forge,KF02
kamat hotels (i),KHI
kamdhenu,KI24
kamdhenu ventures,KV04
kanani industries,KI26
kanoria chemicals & industries,KCI01
kanpur plastipack,KP02
kapston services,KFM
karma energy,KE9
karur vysya bank,KVB
kavveri telecom products,KTP
kaya,K03
kbc global,KC19
kcp,KCP
kcp sugar and industries corporation,KCP01
kirloskar electric company,KEC02
dsj keep learning,DSJ
kellton tech solutions,VMF
kernex microsystems (india),KMI
kfin technologies,KT07?tab=B
khadim india,KIL
khaitan chemicals & fertilizers,KCF
khaitan (india),KI18
kingfa science & technology (india),HSS
kiocl,KIO
kiri industries,KDC01
kirloskar industries,KOE
kewal kiran clothing,KKC02
k.m.sugar mills,KMS
kohinoor foods,KF15
kokuyo camlin,C02
kolte - patil developers,KD07
kopran,K01
kothari petrochemicals,KP12
kothari products,KP06
kalpataru projects international,KPT
kpit technologies,KPITT54265
k.p.r. mill,M15
krebs biochemicals and industries,KBI
kridhan infra,RSI02
krishana phoschem,KP11
kritika wires,KW
kriti nutrients,KN01
kronox lab sciences,KLS
krystal integrated services,KIS02
kalyani steels,KS01
ksolves india,KI09
the karnataka bank,KB04
kuantum papers,ABC07
lagnam spintex,LS01
lorenzini apparels,LA01
dr. lal path labs ltd.,DLP01
lambodhara textiles,LT02
lancor holdings,LH
landmark cars,LC07
la opala rg,LOR
lasa supergenerics,LS06
latteys industries,LI13
lcc infotech,LCC
lexus granito (india),LG
lakshmi finance & industrial corporation,LFI01
lg balakrishnan & bros,LGB
laxmi goldorna house,LGH
liberty shoes,LS02
lic housing finance,LIC
likhitha infrastructure,LIL03
linc,LPP
lloyds engineering works limited,LSI02
lloyds metals and energy,LME
lokesh machines,LMS
lords chloro alkali,LCA01
lotus eye hospital and institute,LEC01
lovable lingerie,LL04
loyal textile mills,LTM
landmark property development company,LPD
l&t finance,LFH
ltimindtree,LI12
l&t technology services,LTS
lumax industries,LI05
lumax auto technologies,LAT01
laxmi organic industries,LOI
lyka labs,LL02
lypsa gems & jewellery,LGJ
mahindra & mahindra,MM
macpower cnc machines,MCM03
madhav marbles and granites,MMG
madras fertilizers,MF15
magadh sugar & energy,MSE01
magnum ventures,MV04
mahamaya steel industries,MSI11
maharashtra scooters,MS01
maharashtra seamless,MS02
mallcom (india),MI59
malu paper mills,MPM03
manaksia aluminium company,MAC03
manaksia,M16
manaksia steels,MS27
mangalam drugs and organics,MDO
mangalore chemicals & fertilizers,MCF01
mangalam cement,MC03
man industries (india),MII
manomay tex india,MTI05
manorama industries,MI45
mangalam organics,DP06
manugraph india,MI08
vedant fashions,VF04
c.e. info systems,CIS02
maral overseas,MO
marico,M13
marine electricals (india),ME21
marshall machines,MM04
mastek,M
max estates,MEL02
max healthcare institute,MHI
mayur uniquoters ltd,MU
mazda,M14
madhya bharat agro products,MBA
mcnally bharat engineering company,MBE
mbl infrastructure,MI06
madhav copper,MC07
mcleod russel india,MRI02
medi assist healthcare services,MAH01
medicamen biotech,MB
medico remedies,MR
medplus health services,MHS01
megasoft,M08
megastar foods,MF13
menon bearings,MB01
mep infrastructure developers,MID
metropolis healthcare,MH06
mahanagar gas,MG02
mahalaxmi rubtech,MR02
mahindra holidays & resorts india,MHR
mic electronics,ME12
mindteck (india),MI35
mitcon consultancy & engineering services,MCE01
mittal life style,MLS
m k proteins,P09
mmtc,MMT
modison limited,MM07
modern threads (india),MTI01
mohit industries,MI36
moil,M18
moksh ornaments,MOl02
meghmani organics,MO04
mold-tek technologies,MTT01
mold-tek packaging,MTP01
morarjee textiles,MT12
motisons jewellers,MJL
the motor & general finance,MGF
mps,MI31
mrf,MRF
mstc,M21
motherson sumi wiring india,MSW
mtar technologies,MT15
mt educare,ME14
credo brands marketing,CBML
mukta arts,MA02
munjal showa,MS
murudeshwar ceramics,MC13
muthoot capital services,MCS02
muthoot microfin,MML06
manoj vaibhav gems n jewellers,MVGJL
nacl industries,NA04
nagarjuna fertilizers and chemicals,NFC
nagreeka capital & infrastructure,NCI
nagreeka exports,NE
nahar capital and financial services,NCF
nahar industrial enterprises,NIE
nahar spinning mills,NSM
narmada agrobase,NA
nath bio-genes (india),NBG
national aluminium company,NAC
info edge (india),IEI01
nava limited,NBV
nbcc (india),NBC01
n. b. i. industrial finance company,NBI02
ncl industries,NCL
naga dhunseri group,NDG
nandan denim,NE06
ndl ventures,HV
nectar lifesciences,NL01
nelcast,N06
nelco,NEL
nesco,NES
nestle india,NI
netweb technologies india,NTI03
network18 media & investments,NMI
next mediaworks,MDM01
nakoda group of industries,NGo
ngl fine-chem,NGL
narayana hrudayalaya ltd.,NH
the new india assurance company,NIA
nrb industrial bearings,NRB01
niit,NII
niit learning systems,NLS
nila infrastructures,NHI
nilkamal,NP08
indo-national,NBC
niraj ispat industries,NII03
nitco,N52
nitin spinners,NS12
nitiraj engineers,NE09
nk industries,NKI
nlc india,NLC
nocil,NOC02
norben tea & exports,NTE
nova agritech,NAL
n r agarwal industries,NRA
nrb bearing,NRB
nalwa sons investments,NSI02
nmdc steel,NS15
neueon towers,ST18
nucleus software exports,NS
nureca,N10
nuvama wealth management,NWML
fsn e-commerce ventures,FEV
oriental aromatics,CAP
orissa bengal carrier,OBC01
oriental carbon & chemicals,OCC
oil india,OI13
oil country tubular,OCT
omax autos,OA
om infra limited,OMM02
one point one solutions,OPO
oil & natural gas corporation,ONG
onmobile global,OG01
onward technologies,OT
oriental trimex,OT6
orient cement,OC10
orient ceratech limited,OA01
orient electric,ORIEN54130
oriental hotels,OH
orient press,OP02
orient paper & industries,OPI
the orissa minerals development company,OMD
osia hyper retail,OHR
oswal agro mills,OAM
shreeoswal seeds and chemicals,SSC07
page industries,PI35
paisalo digital,SEI03
pakka limited,YP01
palash securities,PS19
palred technologies,FS05
panacea biotec,PB02
panache digilife,PD09
panama petrochem,PP02
pansari developers,PD08
par drugs and chemicals,PDC02
paramount communications,PC01
paradeep phosphates,PP33
parag milk foods,PMF01
paras petrofils,PP05
pasupati acrylon,PA03
patel engineering,PEC
patel integrated logistics,PIL05
pavna industries,PI45
one 97 communications,OC03
pcbl limited,PCB01
pudumjee paper products,PPP04
pds,PDS
pearl polymers,PP08
piramal enterprises,PH05
pfizer,P
prime focus,PF13
procter & gamble hygiene and health care,PGH
procter & gamble health,M12
the phoenix mills,PM02
pi industries,PII
pil italica lifestyle limited,PI08
the peria karamalai tea & produce company,PKT
plastiblends india,PI13
plaza wires,PWL
pnb gilts,PNB04
pritish nandy communications,PNC
poddar housing and development,W13
poddar pigments,PP15
polyplex corporation,PC08
ponni sugars (erode),PSE03
hitachi energy india,APP03
power mech projects,PMP
prakash pipes,PPL54268
prakash industries,PI18
prakash steelage,PS16
praxis home retail,PRAXI54090
precot,PM
premier polyfilm,PP19
prime securities,PS
prince pipes and fittings,PPF
priti international,PI43
privi speciality chemicals,HKF
prudential sugar corporation,PSC01
punjab & sind bank,PSB
ptc india,PIF02
puravankara,PP01
pvr inox,PVR
pyramid technoplast,PT12
quess corp,QC
radhika jeweltech,RJI
radiant cash management services,RCM04
radico khaitan,RK01
music broadcast,MB05
railtel corporation of india,RCo01
rain industries,RC12
rainbow childrens medicare,RCM03
rajesh exports,RE07
rajnandini metal,RM05
rajratan global wire,RGW01
raj rayon industries,RR01
rajshree sugars & chemicals,RSC
raj television network,RTN
shree rama newsprint,RNP01
rama phosphates,RP07
ramco industries,RI26
ramco systems,RS17
ramky infrastructure,RI12
rana sugars,RS05
rane engine valve,REV
ratnamani metals & tubes,RMT
ratnaveer precision engineering,RPE
raymond,R
rane brake lining,RBL01
rbl bank,RB03
rbz jewellers,RJL
rashtriya chemicals and fertilizers,RCF01
rec,REC02
redington,RI37
regency ceramics,RC04
relaxo footwears,RF07
reliance chemotex industries,RCI02
religare enterprises,RE09
ravindra energy,RTA
repro india,RI35
jhs svendgaard retail ventures,JSR02
renaissance global,RJ
reliance home finance,RHF01
rhi magnesita india limited,OR01
robust hotels,RH04
rico auto industries,RA04
ritco logistics,RL06
rites,R02
ravi kumar distilleries,RKD
rkec projects,RP26
r k swamy,SL22
rane (madras),RM08
rolex rings,RR11
raj oil mills,ROM01
route mobile limited,RML02
r.p.p. infra projects,RIP01
rpsg ventures limited,CESCV54233
r. s. software (india),RSS
rswm,RSW01
r systems international,RSI01
rattanindia power,IP09
the ruby mills,RM04
ruchi infrastructure,RI27
ruchira papers,RP25
rupa & company,RC14
rushil decor,RD02
s&s power switchgears,SSP
sab events & governance now media,SAB02
sri adhikari brothers television network,SAB
sadbhav engineering,SE19
sadbhav infrastructure project,SIP
sadhana nitrochem,SN
sah polymers,SP42
sahyadri industries,SI86
sakar healthcare,SH15
sakthi sugars,SS
sakuma exports,SAKUM53271
salona cotspin,SC48
s.a.l. steel,SAL03
sambhaav media,SM16
sampann utpadan india,SEP03
sanco industries,SI05
the sandesh,S01
sandur manganese & iron ores,SMI
sangam (india),SI03
sanghi industries,SI04
sanginita chemicals,SC56
sanstar,SL23
sanwaria consumer,SAO
sarda energy & minerals,SEM
saregama india,SI67
sarla performance fibers,SPF01
sastasundar ventures,MFS
satia industries,SI96
saurashtra cement,SC41
suratwwala business group,SBG
sbi cards and payment services,SCP02
sbi life insurance company,SLI03
s chand and company,CCL
schneider electric infrastructure,SEI04
shipping corporation of india,SCI
shipping corporation of india land and assets,SCoILAAL
sheetal cool products,SCP
som distilleries & breweries,SDB
seamec,S14
secmark consultancy,SCL12
securekloud technologies limited,PMS01
selan exploration technology,SET
sel manufacturing company,SMC01
semac consultants limited,RCP
senco gold,SG14
sepc,SE21
setco automotive,SA14
sheela foam,SF14
synergy green industries,SGI02
stl global,STL05
shah metacorp,GA01
shah alloys,SA03
shalby,SL18
shanthi gears,SG04
share india securities,SIS09
shivalik rasayan,SR9
shivam autotech,SA13
shiva mills,SHIVA54096
s h kelkar and company,KC17
shree digvijay cement co.ltd,SDC
shree cement limited,SC12
shree pushkar chemicals & fertilisers,SPC03
shree rama multi-tech,SRI01
shrenik,S25
shreyans industries,SI20
shreyas shipping & logistics,SS12
shriram finance,STF
shyam century ferrous,SCF01
shyam metalics and energy,SME05
shyam telecom,ST05
siemens,S
sigma solve,SSL14
signatureglobal (india),SIL24
signpost india,SIL25
sikko industries,SI51
standard industries,SI36
silgo retail,SR08
sil investments,SIL16
simbhaoli sugars,SS52
sinclairs hotels,SH11
sintercom india,SI73
sis limited,SIS08
s.j.s. enterprises,E11
sjvn,S11
skipper,S21
sml isuzu,SM
sarthak metals,SM14
sms lifesciences india,SMS01
snowman logistics,SL17
sobha,SD6
solara active pharma sciences,SOLAR54154
somany ceramics,SC49
soma textiles & industries,STI03
somi conveyor beltings,SCB
sonam limited,SC23
the south indian bank,SIB
s. p. apparels,A
sun pharma advanced research company,SPA
speciality restaurants,SR06
spencer's retail,SPENC54233
southern petrochemicals industries corporation ,SPI01
supreme petrochem,SP
spml infra,SPM05
sportking india,SI97
shekhawati poly-yarn,SP09
sreeleathers,S20
srf,SRF
srg housing finance,SHF02
sree rayalaseema hi-strength hypo,SRH03
srm contractors,SCL14
shree ram proteins,SRP07
strides pharma science,SA10
star cement,SFC02
star health and allied insurance company,SHA
star paper mills,SPM04
starteck finance,NMA
the state trading corporation of india,STC
steelcast,S06
steel exchange india limited,SEI02
stel holdings,STE01
sterlite technologies,ST20
subros,S07
sudarshan chemical industries,SCI08
sukhjit starch & chemicals,SSC02
sumitomo chemical india,SUMIC54292
sumit woods,SW01
sundaram clayton,SL21
sundaram finance,SF20
sundaram brake linings,SBL
superhouse,SL
super spinning mills,SSM07
supreme engineering,SE26
supriya lifescience,SL20
surana solar,SV05
suryoday small finance bank,SSF08
sutlej textiles and industries,STI9
suumaya industries,SL19
shree vasu logistics,SVL01
svp global textiles limited,SM18
swan energy,SM09
swaraj engines,SE
syncom formulations (india),SF18
syngene international,SI10
syrma sgs technology,SST06
tainwala chemical and plastic (i),TCP
tara chand infralogistic solutions,TCL01
tarapur transformers,TT04
anant raj global,ARI
tarmat,RT06
tasty bite eatables,TBE
tata cons products ltd-re,TCP04
tata consumer products limited,TT
tata investment corporation,TIC
tata power company,TPC
tata technologies,TTL01
tatva chintan pharma chem,TCP03
tbo tek,TTL03
tribhovandas bhimji zaveri,TBZ
transport corporation of india,TCI04
tci express,TCI08
tantia constructions,TC15
tcns clothing co.,TCC
td power systems,TPS01
teamlease services,TS13
techindia nirman,NS07
techno electric & engineering company,TECHN54214
tecil chemicals and hydro power,TCH
tejas networks,TN
tera software,TS14
texmaco infrastructure & holdings,T02
texmo pipes and products,TPP
texmaco rail & engineering,TRE
tourism finance corporation of india,TFC
transwarranty finance,TF10
tgb banquets and hotels,BBaH
thangamayil jewellery,TJ
the investment trust of india,FFS03
thejo engineering,TE09
themis medicare,TM04
thermax,T
thomas cook  (india) ,TCI
thomas scott (india),TSI01
thyrocare technologies,TT16
tilaknagar industries,TI09
tide water oil company (india),TWO
technocraft industries (india),TII01
tube investments of india,TIIND54076
tijaria polypipes,TP
til,TIL
times guaranty,TG
time technoplast,TT03
timken india,TI23
tips films,TF14
tips industries,TI25
thirumalai chemicals,TC07
tirupati forge,TF09
titagarh rail systems limited,TW04
titan company,TI01
tamilnad mercantile bank,TMB
tamilnadu petroproducts,TP13
tamil nadu newsprint & papers,TNN
tamilnadu telecommunication,TT01
tokyo plast international,TPI01
torrent pharmaceuticals,TP06
torrent power,TP14
total transport systems,TTS01
touchwood entertainment,TEL
teamo productions hq,GIE01
tpl plastech,TPL02
tracxn technologies,TT19
tree house education & accessories,THE01
trejhara solutions limited,TREJH7605
transindia real estate,TRE02
trf,TRF
trident,AI01
trigyn technologies,TT08
transformers and rectifiers (india),TRI
triveni turbine,TT14
triveni engineering & industries,TE10
trucap finance,DF10
ttk healthcare,TTK
ttk prestige,TTK02
t t,TT06
tata teleservices (maharashtra),TTM01
tv18 broadcast,IBN
tvs electronics,TVS02
tvs motor company,TVS
tvs supply chain solutions,TSC03
tvs srichakra,TVS03
tv today network,TVT
tv vision,TVV
united breweries,UB02
ucal limited,UFS
uco bank,UCO
udaipur cement works,JKU
updater services,USL02
ujaas energy,S18
uflex,U01
ufo moviez india,UMI03
the ugar sugar works,USW
ugro capital,CS08
ujjivan small finance bank,USF
ultratech cement,UTC01
uma exports,UE01
umang dairies,UD01
usha martin education & solutions,UMI02
unichem laboratories,UL02
united drilling tools,UDT
uniphos enterprises,UE
uniinfo telecom services,UTS
union bank of india,UBI01
uniparts india,UI22
united spirits,US
unitech,U
united polyfab gujarat,UPG
the united nilgiri tea estates company,UNT
univastu india,UI21
universal cables,UC
universus photo imagings,UNIPH54293
uno minda,MI4
upl,UP04
uravi t and wedge lamps,UWL
urja global,UG01
usha martin,UM01
udayshivakumar infra,UI23
uti asset management company,UA04
utkarsh small finance bank,USF01
uttam sugar mills,USM
v2 retail,VR02
vadilal industries,VI01
vaibhav global,VG02
vaishali pharma,VP01
vakrangee,VS
valiant laboratories,VLL
valiant organics,VO03
vardhman acrylics,VA08
vardhman polytex,VP09
varroc engineering,VE08
vascon engineers,VE01
vaswani industries,VI14
vedanta,SG
venky's (india),V03
venus pipes & tubes,VPT01
venus remedies,VR01
veranda learning solutions,VLS01
vertoz,VA09
vesuvius india,VI06
veto switchgears and cables,VSC01
v-guard industries,VI02
vardhman holdings,VH05
viceroy hotels,VH04
vidhi specialty food ingredients,VDM
vijaya diagnostic centre,VDC01
viji finance,VF08
vikas ecotech,VGO01
vikas lifecare,VIKAS54265
vimta labs,VL04
vinati organics,VO01
vindhya telelinks,VT03
vineet laboratories,VL06
vinny overseas,VO04
vinyl chemicals (india),VCI02
vip clothing,MI53
vip industries,VIP
vipul,V04
virinchi,VT11
visaka industries,VI11
vishnu chemicals,VC17
vishwaraj sugar industries,VSI01
visagar polytex,VP10
vl e-governance & it solutions,VEI01
vls finance,VLS
v-mart retail,VR03
voltamp transformers,VT9
voltas,V
vishnu prakash r punglia,VPP01
vraj iron and steel,VISL
vrl logistics,VL03
vardhman special steels,VSS01
vst industries,VST
vibhor steel tubes,VST02
v.s.t tillers tractors,VST01
vardhman textiles,VT10
va tech wabag,VTW
walchandnagar industries,WI01
wanbury,W12
wealth first portfolio managers,WFP
websol energy system,WSL
weizmann,W02
wonder electricals,WF
welspun corp,WGS
welspun enterprises,MSK
welspun investments and commercials,WIC01
welspun living,WI03
wendt (india),WI05
westlife foodworld limited,DIC
we win limited,SBS01
wheels india,WI11
whirlpool of india,WI
williamson magor & company,WMC
windlas biotech,WB01
windsor machines,WM01
winsome yarns,WY
the western india plywoods,TWI
wipro,W
wockhardt,W05
wonderla holidays,WH01
worth peripherals,WP03
w s industries (i),WSI
west coast paper mills,WCP
xchanging solutions,CS20
xelpmoc design and tech,XDT
xpro india,XI
yaari digital integrated services,IWS
yasho industries,YIL01
yatharth hospital & trauma care services,YHT
yatra online,YO
yes bank,YB
yuken india,YI
zaggle prepaid ocean services,ZPO
zee entertainment enterprises,ZEE
zee learn,ZL01
zee media corporation,ZN
zenith exports,ZE
zenith steel pipes & industries,ZBI
zensar technologies,ZT02
zen technologies,ZT01
zodiac energy,ZE01
zodiac clothing company,ZCC
zomato,Z
zota health care limited,ZHC
zuari agro chemicals,ZAC
zuari industries limited,ZI01
zydus wellness,ZW01
